<?xml version="1.0" encoding="UTF-8"?>
<definitions xmlns="http://www.omg.org/spec/BPMN/20100524/MODEL" xmlns:xsi="http://www.w3.org/2001/XMLSchema-instance" xmlns:xsd="http://www.w3.org/2001/XMLSchema" xmlns:flowable="http://flowable.org/bpmn" xmlns:bpmndi="http://www.omg.org/spec/BPMN/20100524/DI" xmlns:omgdc="http://www.omg.org/spec/DD/20100524/DC" xmlns:omgdi="http://www.omg.org/spec/DD/20100524/DI" typeLanguage="http://www.w3.org/2001/XMLSchema" expressionLanguage="http://www.w3.org/1999/XPath" targetNamespace="http://www.flowable.org/processdef">
  <process id="testProcess" name="测试流程" isExecutable="true">
    <startEvent id="startEvent1"></startEvent>
    <userTask id="usertask1" name="接单"></userTask>
    <sequenceFlow id="sid-FFE2B103-C5C5-498E-8B6E-D0A57DCA9871" sourceRef="startEvent1" targetRef="usertask1"></sequenceFlow>
    <userTask id="usertask2" name="预约" flowable:formKey="40280981646485f9016464878d3a0001.html"></userTask>
    <sequenceFlow id="sid-43034DE2-05FC-4663-8A5D-D672DCA382FC" sourceRef="usertask1" targetRef="usertask2"></sequenceFlow>
    <userTask id="usertask3" name="出发"></userTask>
    <sequenceFlow id="sid-1B890E32-1D48-4992-9024-8C7C34B2E7D1" sourceRef="usertask2" targetRef="usertask3"></sequenceFlow>
    <userTask id="usertask4" name="到场" flowable:formKey="SIGNIN"></userTask>
    <sequenceFlow id="sid-0755BAA5-7C28-4D5A-9015-660CE04BD47C" sourceRef="usertask3" targetRef="usertask4"></sequenceFlow>
    <userTask id="usertask5" name="完成" flowable:formKey="40280981646485f9016464878d3a0002.html"></userTask>
    <sequenceFlow id="sid-2A7820FF-A7EC-4DF7-83C8-E439D5FB77FA" sourceRef="usertask4" targetRef="usertask5"></sequenceFlow>
    <userTask id="usertask6" name="关单"></userTask>
    <sequenceFlow id="sid-C04BBA94-9969-4B26-A72F-DED2BBC8026F" sourceRef="usertask5" targetRef="usertask6"></sequenceFlow>
    <endEvent id="end"></endEvent>
    <sequenceFlow id="sid-C9FA44CF-EFEA-483F-A2D5-36BCD258F322" sourceRef="usertask6" targetRef="end"></sequenceFlow>
  </process>
  <bpmndi:BPMNDiagram id="BPMNDiagram_testProcess">
    <bpmndi:BPMNPlane bpmnElement="testProcess" id="BPMNPlane_testProcess">
      <bpmndi:BPMNShape bpmnElement="startEvent1" id="BPMNShape_startEvent1">
        <omgdc:Bounds height="30.0" width="30.0" x="100.0" y="163.0"></omgdc:Bounds>
      </bpmndi:BPMNShape>
      <bpmndi:BPMNShape bpmnElement="usertask1" id="BPMNShape_usertask1">
        <omgdc:Bounds height="80.0" width="100.0" x="175.0" y="138.0"></omgdc:Bounds>
      </bpmndi:BPMNShape>
      <bpmndi:BPMNShape bpmnElement="usertask2" id="BPMNShape_usertask2">
        <omgdc:Bounds height="80.0" width="100.0" x="320.0" y="138.0"></omgdc:Bounds>
      </bpmndi:BPMNShape>
      <bpmndi:BPMNShape bpmnElement="usertask3" id="BPMNShape_usertask3">
        <omgdc:Bounds height="80.0" width="100.0" x="465.0" y="138.0"></omgdc:Bounds>
      </bpmndi:BPMNShape>
      <bpmndi:BPMNShape bpmnElement="usertask4" id="BPMNShape_usertask4">
        <omgdc:Bounds height="80.0" width="100.0" x="610.0" y="138.0"></omgdc:Bounds>
      </bpmndi:BPMNShape>
      <bpmndi:BPMNShape bpmnElement="usertask5" id="BPMNShape_usertask5">
        <omgdc:Bounds height="80.0" width="100.0" x="755.0" y="138.0"></omgdc:Bounds>
      </bpmndi:BPMNShape>
      <bpmndi:BPMNShape bpmnElement="usertask6" id="BPMNShape_usertask6">
        <omgdc:Bounds height="80.0" width="100.0" x="900.0" y="138.0"></omgdc:Bounds>
      </bpmndi:BPMNShape>
      <bpmndi:BPMNShape bpmnElement="end" id="BPMNShape_end">
        <omgdc:Bounds height="28.0" width="28.0" x="1045.0" y="164.0"></omgdc:Bounds>
      </bpmndi:BPMNShape>
      <bpmndi:BPMNEdge bpmnElement="sid-C04BBA94-9969-4B26-A72F-DED2BBC8026F" id="BPMNEdge_sid-C04BBA94-9969-4B26-A72F-DED2BBC8026F">
        <omgdi:waypoint x="854.9499999999907" y="178.0"></omgdi:waypoint>
        <omgdi:waypoint x="899.9999999999807" y="178.0"></omgdi:waypoint>
      </bpmndi:BPMNEdge>
      <bpmndi:BPMNEdge bpmnElement="sid-FFE2B103-C5C5-498E-8B6E-D0A57DCA9871" id="BPMNEdge_sid-FFE2B103-C5C5-498E-8B6E-D0A57DCA9871">
        <omgdi:waypoint x="129.9499984899576" y="178.0"></omgdi:waypoint>
        <omgdi:waypoint x="174.9999999999917" y="178.0"></omgdi:waypoint>
      </bpmndi:BPMNEdge>
      <bpmndi:BPMNEdge bpmnElement="sid-43034DE2-05FC-4663-8A5D-D672DCA382FC" id="BPMNEdge_sid-43034DE2-05FC-4663-8A5D-D672DCA382FC">
        <omgdi:waypoint x="274.9499999999907" y="178.0"></omgdi:waypoint>
        <omgdi:waypoint x="319.9999999999807" y="178.0"></omgdi:waypoint>
      </bpmndi:BPMNEdge>
      <bpmndi:BPMNEdge bpmnElement="sid-1B890E32-1D48-4992-9024-8C7C34B2E7D1" id="BPMNEdge_sid-1B890E32-1D48-4992-9024-8C7C34B2E7D1">
        <omgdi:waypoint x="419.94999999999067" y="178.0"></omgdi:waypoint>
        <omgdi:waypoint x="464.9999999999807" y="178.0"></omgdi:waypoint>
      </bpmndi:BPMNEdge>
      <bpmndi:BPMNEdge bpmnElement="sid-0755BAA5-7C28-4D5A-9015-660CE04BD47C" id="BPMNEdge_sid-0755BAA5-7C28-4D5A-9015-660CE04BD47C">
        <omgdi:waypoint x="564.9499999999907" y="178.0"></omgdi:waypoint>
        <omgdi:waypoint x="609.9999999999807" y="178.0"></omgdi:waypoint>
      </bpmndi:BPMNEdge>
      <bpmndi:BPMNEdge bpmnElement="sid-2A7820FF-A7EC-4DF7-83C8-E439D5FB77FA" id="BPMNEdge_sid-2A7820FF-A7EC-4DF7-83C8-E439D5FB77FA">
        <omgdi:waypoint x="709.9499999999907" y="178.0"></omgdi:waypoint>
        <omgdi:waypoint x="754.9999999999807" y="178.0"></omgdi:waypoint>
      </bpmndi:BPMNEdge>
      <bpmndi:BPMNEdge bpmnElement="sid-C9FA44CF-EFEA-483F-A2D5-36BCD258F322" id="BPMNEdge_sid-C9FA44CF-EFEA-483F-A2D5-36BCD258F322">
        <omgdi:waypoint x="999.949999999996" y="178.0"></omgdi:waypoint>
        <omgdi:waypoint x="1045.0" y="178.0"></omgdi:waypoint>
      </bpmndi:BPMNEdge>
    </bpmndi:BPMNPlane>
  </bpmndi:BPMNDiagram>
</definitions>